[{"pk": 1, "model": "wqm.wqmlocation", "fields": {"modified": null, "created": "2010-06-30 10:03:15"}}, {"pk": 2, "model": "wqm.wqmlocation", "fields": {"modified": null, "created": "2010-06-30 10:03:15"}}, {"pk": 3, "model": "wqm.wqmlocation", "fields": {"modified": null, "created": "2010-06-30 10:03:15"}}, {"pk": 4, "model": "wqm.wqmlocation", "fields": {"modified": null, "created": "2010-06-30 10:03:15"}}, {"pk": 5, "model": "wqm.wqmlocation", "fields": {"modified": null, "created": "2010-06-30 10:03:15"}}, {"pk": 6, "model": "wqm.wqmlocation", "fields": {"modified": null, "created": "2010-06-30 10:03:15"}}, {"pk": 7, "model": "wqm.wqmlocation", "fields": {"modified": null, "created": "2010-06-30 10:03:15"}}, {"pk": 8, "model": "wqm.wqmlocation", "fields": {"modified": null, "created": "2010-06-30 10:03:15"}}, {"pk": 9, "model": "wqm.wqmlocation", "fields": {"modified": null, "created": "2010-06-30 10:03:15"}}, {"pk": 10, "model": "wqm.wqmlocation", "fields": {"modified": null, "created": "2010-06-30 10:03:15"}}, {"pk": 11, "model": "wqm.wqmlocation", "fields": {"modified": null, "created": "2010-06-30 10:03:15"}}, {"pk": 12, "model": "wqm.wqmlocation", "fields": {"modified": null, "created": "2010-06-30 10:03:15"}}, {"pk": 13, "model": "wqm.wqmlocation", "fields": {"modified": null, "created": "2010-06-30 10:03:15"}}, {"pk": 14, "model": "wqm.wqmlocation", "fields": {"modified": null, "created": "2010-06-30 10:03:15"}}, {"pk": 15, "model": "wqm.wqmlocation", "fields": {"modified": null, "created": "2010-06-30 10:03:15"}}, {"pk": 16, "model": "wqm.wqmlocation", "fields": {"modified": null, "created": "2010-06-30 10:03:15"}}, {"pk": 17, "model": "wqm.wqmlocation", "fields": {"modified": null, "created": "2010-06-30 10:03:15"}}, {"pk": 18, "model": "wqm.wqmlocation", "fields": {"modified": null, "created": "2010-06-30 10:03:15"}}, {"pk": 19, "model": "wqm.wqmlocation", "fields": {"modified": null, "created": "2010-06-30 10:03:15"}}, {"pk": 20, "model": "wqm.wqmlocation", "fields": {"modified": null, "created": "2010-06-30 10:03:15"}}, {"pk": 21, "model": "wqm.wqmlocation", "fields": {"modified": null, "created": "2010-06-30 10:03:15"}}, {"pk": 22, "model": "wqm.wqmlocation", "fields": {"modified": null, "created": "2010-06-30 10:03:15"}}, {"pk": 23, "model": "wqm.wqmlocation", "fields": {"modified": null, "created": "2010-06-30 10:03:15"}}, {"pk": 1, "model": "wqm.wqmauthority", "fields": {}}, {"pk": 2, "model": "wqm.wqmauthority", "fields": {}}, {"pk": 3, "model": "wqm.wqmauthority", "fields": {}}, {"pk": 4, "model": "wqm.wqmauthority", "fields": {}}, {"pk": 5, "model": "wqm.wqmarea", "fields": {"wqmauthority": 1}}, {"pk": 6, "model": "wqm.wqmarea", "fields": {"wqmauthority": 2}}, {"pk": 7, "model": "wqm.wqmarea", "fields": {"wqmauthority": 3}}, {"pk": 8, "model": "wqm.wqmarea", "fields": {"wqmauthority": 1}}, {"pk": 9, "model": "wqm.wqmarea", "fields": {"wqmauthority": 2}}, {"pk": 10, "model": "wqm.wqmarea", "fields": {"wqmauthority": 3}}, {"pk": 11, "model": "wqm.wqmarea", "fields": {"wqmauthority": 1}}, {"pk": 1, "model": "wqm.delivarysystem", "fields": {"name": "house connection"}}, {"pk": 2, "model": "wqm.delivarysystem", "fields": {"name": "public tap"}}, {"pk": 3, "model": "wqm.delivarysystem", "fields": {"name": "borehole"}}, {"pk": 4, "model": "wqm.delivarysystem", "fields": {"name": "protected spring"}}, {"pk": 5, "model": "wqm.delivarysystem", "fields": {"name": "unprotected spring"}}, {"pk": 6, "model": "wqm.delivarysystem", "fields": {"name": "river"}}, {"pk": 7, "model": "wqm.delivarysystem", "fields": {"name": "dam or lake"}}, {"pk": 8, "model": "wqm.delivarysystem", "fields": {"name": "reservoir"}}, {"pk": 9, "model": "wqm.delivarysystem", "fields": {"name": "distribution system"}}, {"pk": 12, "model": "wqm.samplingpoint", "fields": {"point": null, "point_type": "ground", "treatement": "treated", "wqmarea": 5, "delivary_system": 1}}, {"pk": 13, "model": "wqm.samplingpoint", "fields": {"point": null, "point_type": "surface", "treatement": "untreated", "wqmarea": 5, "delivary_system": 2}}, {"pk": 14, "model": "wqm.samplingpoint", "fields": {"point": null, "point_type": "ground", "treatement": "treated", "wqmarea": 5, "delivary_system": 3}}, {"pk": 15, "model": "wqm.samplingpoint", "fields": {"point": null, "point_type": "surface", "treatement": "untreated", "wqmarea": 6, "delivary_system": 9}}, {"pk": 16, "model": "wqm.samplingpoint", "fields": {"point": null, "point_type": "ground", "treatement": "treated", "wqmarea": 6, "delivary_system": 8}}, {"pk": 17, "model": "wqm.samplingpoint", "fields": {"point": null, "point_type": "ground", "treatement": "treated", "wqmarea": 6, "delivary_system": 7}}, {"pk": 18, "model": "wqm.samplingpoint", "fields": {"point": null, "point_type": "ground", "treatement": "untreated", "wqmarea": 8, "delivary_system": 2}}, {"pk": 19, "model": "wqm.samplingpoint", "fields": {"point": null, "point_type": "surface", "treatement": "treated", "wqmarea": 7, "delivary_system": 4}}, {"pk": 20, "model": "wqm.samplingpoint", "fields": {"point": null, "point_type": "surface", "treatement": "treated", "wqmarea": 8, "delivary_system": 2}}, {"pk": 21, "model": "wqm.samplingpoint", "fields": {"point": null, "point_type": "surface", "treatement": "untreated", "wqmarea": 9, "delivary_system": 6}}, {"pk": 22, "model": "wqm.samplingpoint", "fields": {"point": null, "point_type": "ground", "treatement": "treated", "wqmarea": 11, "delivary_system": 4}}, {"pk": 23, "model": "wqm.samplingpoint", "fields": {"point": null, "point_type": "ground", "treatement": "treated", "wqmarea": 11, "delivary_system": 1}}]